{
  "description": "With renovation return: property value increases",
  "inputs": {
    "propertyPrice": 200000,
    "downPayment": 40000,
    "interestRate": 4.5,
    "mortgageLength": 25,
    "timeInProperty": 10,
    "rentPcm": 800,
    "rentInflation": 3,
    "serviceCharge": 2000,
    "serviceChargeIncrease": 5,
    "propertyAppreciation": 2,
    "investmentAppreciationBuying": 5,
    "investmentAppreciationRenting": 3,
    "stampDuty": 1500,
    "renovationCost": 20000,
    "renovationReturn": 50,
    "legalConveyancingSurveyCost": 2000,
    "estateAgentFeesPercent": 1.5
  },
  "expected": [
    {
      "year": 1,
      "monthlyMortgagePayment": 1011.6151098908317,
      "mortgageBalance": 177968.1358489068,
      "principalPaid": 4031.8641510932107,
      "interestPaid": 8107.517167596769,
      "monthlyRent": 800,
      "monthlyServiceCharge": 166.66666666666666,
      "monthlySavings": -378.28177655749835,
      "cumulativeSavings": -4539.381318689981,
      "cumulativeSavingsWithAppreciation": -4664.220883084037,
      "propertyValue": 214200,
      "equityInProperty": 29518.864151093207,
      "investmentValue": 41200,
      "investmentAppreciation": 0,
      "sizeOfEquityBuying": 24854.643268009168,
      "sizeOfEquityIfInvested": 41200,
      "difference": -16345.356731990832,
      "winner": "rent"
    },
    {
      "year": 2,
      "monthlyMortgagePayment": 1011.6151098908317,
      "mortgageBalance": 173751.0485641249,
      "principalPaid": 4217.087284781863,
      "interestPaid": 7922.294033908119,
      "monthlyRent": 824,
      "monthlyServiceCharge": 175,
      "monthlySavings": -362.6151098908317,
      "cumulativeSavings": -8890.762637379961,
      "cumulativeSavingsWithAppreciation": -9373.901886250804,
      "propertyValue": 218484,
      "equityInProperty": 37955.69143587509,
      "investmentValue": 42436,
      "investmentAppreciation": 1236,
      "sizeOfEquityBuying": 28581.789549624285,
      "sizeOfEquityIfInvested": 42436,
      "difference": -13854.210450375715,
      "winner": "rent"
    },
    {
      "year": 3,
      "monthlyMortgagePayment": 1011.6151098908317,
      "mortgageBalance": 169340.22902729927,
      "principalPaid": 4410.81953682564,
      "interestPaid": 7728.5617818643395,
      "monthlyRent": 848.7199999999999,
      "monthlyServiceCharge": 183.75,
      "monthlySavings": -346.6451098908318,
      "cumulativeSavings": -13050.503956069942,
      "cumulativeSavingsWithAppreciation": -14127.62873024685,
      "propertyValue": 222853.68000000002,
      "equityInProperty": 46670.64577270075,
      "investmentValue": 43709.08,
      "investmentAppreciation": 1273.0800000000017,
      "sizeOfEquityBuying": 32543.017042453903,
      "sizeOfEquityIfInvested": 43709.08,
      "difference": -11166.062957546099,
      "winner": "rent"
    },
    {
      "year": 4,
      "monthlyMortgagePayment": 1011.6151098908317,
      "mortgageBalance": 164726.77721266626,
      "principalPaid": 4613.45181463303,
      "interestPaid": 7525.9295040569505,
      "monthlyRent": 874.1816,
      "monthlyServiceCharge": 192.93750000000003,
      "monthlySavings": -330.3710098908317,
      "cumulativeSavings": -17014.956074759924,
      "cumulativeSavingsWithAppreciation": -18923.905325594646,
      "propertyValue": 227310.7536,
      "equityInProperty": 55674.315083333735,
      "investmentValue": 45020.3524,
      "investmentAppreciation": 1311.2724000000017,
      "sizeOfEquityBuying": 36750.40975773909,
      "sizeOfEquityIfInvested": 45020.3524,
      "difference": -8269.94264226091,
      "winner": "rent"
    },
    {
      "year": 5,
      "monthlyMortgagePayment": 1011.6151098908317,
      "mortgageBalance": 159901.38422883578,
      "principalPaid": 4825.392983830464,
      "interestPaid": 7313.988334859517,
      "monthlyRent": 900.4070480000001,
      "monthlyServiceCharge": 202.58437500000002,
      "monthlySavings": -313.7924368908316,
      "cumulativeSavings": -20780.465317449904,
      "cumulativeSavingsWithAppreciation": -23761.15444094311,
      "propertyValue": 231856.96867200002,
      "equityInProperty": 64977.72991308423,
      "investmentValue": 46370.962972,
      "investmentAppreciation": 1350.6105719999978,
      "sizeOfEquityBuying": 41216.57547214112,
      "sizeOfEquityIfInvested": 46370.962972,
      "difference": -5154.38749985888,
      "winner": "rent"
    },
    {
      "year": 6,
      "monthlyMortgagePayment": 1011.6151098908317,
      "mortgageBalance": 154854.31353557602,
      "principalPaid": 5047.07069325973,
      "interestPaid": 7092.31062543025,
      "monthlyRent": 927.41925944,
      "monthlyServiceCharge": 212.71359375000006,
      "monthlySavings": -296.9094442008318,
      "cumulativeSavings": -24343.378647859885,
      "cumulativeSavingsWithAppreciation": -28637.718808105084,
      "propertyValue": 236494.10804544002,
      "equityInProperty": 74592.38288918241,
      "investmentValue": 47762.09186116001,
      "investmentAppreciation": 1391.1288891600052,
      "sizeOfEquityBuying": 45954.664081077324,
      "sizeOfEquityIfInvested": 47762.09186116001,
      "difference": -1807.4277800826821,
      "winner": "rent"
    },
    {
      "year": 7,
      "monthlyMortgagePayment": 1011.6151098908317,
      "mortgageBalance": 149575.38129770037,
      "principalPaid": 5278.932237875576,
      "interestPaid": 6860.449080814405,
      "monthlyRent": 955.2418372232002,
      "monthlyServiceCharge": 223.34927343750007,
      "monthlySavings": -279.72254610513164,
      "cumulativeSavings": -27700.049201121466,
      "cumulativeSavingsWithAppreciation": -33551.862711041984,
      "propertyValue": 241223.9902063488,
      "equityInProperty": 84530.2490555532,
      "investmentValue": 49194.95461699481,
      "investmentAppreciation": 1432.8627558348016,
      "sizeOfEquityBuying": 50978.386344511215,
      "sizeOfEquityIfInvested": 49194.95461699481,
      "difference": 1783.4317275164067,
      "winner": "buy"
    },
    {
      "year": 8,
      "monthlyMortgagePayment": 1011.6151098908317,
      "mortgageBalance": 144053.93583641562,
      "principalPaid": 5521.445461284716,
      "interestPaid": 6617.935857405265,
      "monthlyRent": 983.8990923398961,
      "monthlyServiceCharge": 234.51673710937507,
      "monthlySavings": -262.23275466031066,
      "cumulativeSavings": -30846.842257045195,
      "cumulativeSavingsWithAppreciation": -38501.774109863756,
      "propertyValue": 246048.4700104758,
      "equityInProperty": 94803.80712390305,
      "investmentValue": 50670.80325550465,
      "investmentAppreciation": 1475.848638509844,
      "sizeOfEquityBuying": 56302.0330140393,
      "sizeOfEquityIfInvested": 50670.80325550465,
      "difference": 5631.229758534646,
      "winner": "buy"
    },
    {
      "year": 9,
      "monthlyMortgagePayment": 1011.6151098908317,
      "mortgageBalance": 138278.8361366683,
      "principalPaid": 5775.099699747299,
      "interestPaid": 6364.281618942681,
      "monthlyRent": 1013.4160651100931,
      "monthlyServiceCharge": 246.24257396484384,
      "monthlySavings": -244.44161874558247,
      "cumulativeSavings": -33780.14168199219,
      "cumulativeSavingsWithAppreciation": -43485.56735498814,
      "propertyValue": 250969.43941068533,
      "equityInProperty": 105426.06168285674,
      "investmentValue": 52190.9273531698,
      "investmentAppreciation": 1520.124097665146,
      "sizeOfEquityBuying": 61940.494327868604,
      "sizeOfEquityIfInvested": 52190.9273531698,
      "difference": 9749.566974698806,
      "winner": "buy"
    },
    {
      "year": 10,
      "monthlyMortgagePayment": 1011.6151098908317,
      "mortgageBalance": 132238.42936712265,
      "principalPaid": 6040.406769545658,
      "interestPaid": 6098.974549144323,
      "monthlyRent": 1043.818547063396,
      "monthlyServiceCharge": 258.55470266308606,
      "monthlySavings": -226.35126549052183,
      "cumulativeSavings": -36496.35686787845,