{
  "description": "With renovation return: property value increases",
  "inputs": {
    "propertyPrice": 200000,
    "downPayment": 40000,
    "interestRate": 4.5,
    "mortgageLength": 25,
    "timeInProperty": 10,
    "rentPcm": 800,
    "rentInflation": 3,
    "serviceCharge": 2000,
    "serviceChargeIncrease": 5,
    "propertyAppreciation": 2,
    "investmentAppreciationBuying": 5,
    "investmentAppreciationRenting": 3,
    "stampDuty": 1500,
    "renovationCost": 20000,
    "renovationReturn": 50,
    "legalConveyancingSurveyCost": 2000,
    "estateAgentFeesPercent": 1.5
  },
  "expected": [
    {
      "year": 1,
      "monthlyMortgagePayment": 1019.9525970602615,
      "mortgageBalance": 179434.90619930986,
      "principalPaid": 4065.0938006901306,
      "interestPaid": 8174.337364033008,
      "monthlyRent": 800,
      "monthlyServiceCharge": 166.66666666666666,
      "monthlySavings": -386.6192637269281,
      "cumulativeSavings": -4639.431164723137,
      "cumulativeSavingsWithAppreciation": -4767.02224486782,
      "propertyValue": 214200,
      "equityInProperty": 31552.09380069014,
      "investmentValue": 41200,
      "investmentAppreciation": 1200,
      "sizeOfEquityBuying": 26785.071555822324,
      "sizeOfEquityIfInvested": 41200,
      "difference": -14414.928444177676,
      "winner": "rent"
    },
    {
      "year": 2,
      "monthlyMortgagePayment": 1019.9525970602615,
      "mortgageBalance": 175183.06270064248,
      "principalPaid": 4251.843498667425,
      "interestPaid": 7987.587666055713,
      "monthlyRent": 824,
      "monthlyServiceCharge": 175,
      "monthlySavings": -370.9525970602615,
      "cumulativeSavings": -9090.862329446274,
      "cumulativeSavingsWithAppreciation": -9584.764122592052,
      "propertyValue": 218484,
      "equityInProperty": 40023.67729935752,
      "investmentValue": 42436,
      "investmentAppreciation": 1236,
      "sizeOfEquityBuying": 30438.91317676547,
      "sizeOfEquityIfInvested": 42436,
      "difference": -11997.086823234531,
      "winner": "rent"
    },
    {
      "year": 3,
      "monthlyMortgagePayment": 1019.9525970602615,
      "mortgageBalance": 170735.89025554634,
      "principalPaid": 4447.1724450961765,
      "interestPaid": 7792.2587196269615,
      "monthlyRent": 848.7199999999999,
      "monthlyServiceCharge": 183.75,
      "monthlySavings": -354.9825970602616,
      "cumulativeSavings": -13350.653494169414,
      "cumulativeSavingsWithAppreciation": -14452.080440574688,
      "propertyValue": 222853.68000000002,
      "equityInProperty": 48774.98454445368,
      "investmentValue": 43709.08,
      "investmentAppreciation": 1273.0800000000017,
      "sizeOfEquityBuying": 34322.90410387899,
      "sizeOfEquityIfInvested": 43709.08,
      "difference": -9386.175896121014,
      "winner": "rent"
    },
    {
      "year": 4,
      "monthlyMortgagePayment": 1019.9525970602615,
      "mortgageBalance": 166084.41548639708,
      "principalPaid": 4651.47476914923,
      "interestPaid": 7587.956395573909,
      "monthlyRent": 874.1816,
      "monthlyServiceCharge": 192.93750000000003,
      "monthlySavings": -338.7084970602615,
      "cumulativeSavings": -17415.15545889255,
      "cumulativeSavingsWithAppreciation": -19367.757962977616,
      "propertyValue": 227310.7536,
      "equityInProperty": 57816.67680960292,
      "investmentValue": 45020.3524,
      "investmentAppreciation": 1311.2724000000017,
      "sizeOfEquityBuying": 38448.9188466253,
      "sizeOfEquityIfInvested": 45020.3524,
      "difference": -6571.4335533747,
      "winner": "rent"
    },
    {
      "year": 5,
      "monthlyMortgagePayment": 1019.9525970602615,
      "mortgageBalance": 161219.25278017248,
      "principalPaid": 4865.162706224665,
      "interestPaid": 7374.268458498474,
      "monthlyRent": 900.4070480000001,
      "monthlyServiceCharge": 202.58437500000002,
      "monthlySavings": -322.1299240602614,
      "cumulativeSavings": -21280.714547615687,
      "cumulativeSavingsWithAppreciation": -24330.516783418192,
      "propertyValue": 231856.96867200002,
      "equityInProperty": 67159.86136174753,
      "investmentValue": 46370.962972,
      "investmentAppreciation": 1350.6105719999978,
      "sizeOfEquityBuying": 42829.34457832934,
      "sizeOfEquityIfInvested": 46370.962972,
      "difference": -3541.6183936706584,
      "winner": "rent"
    },
    {
      "year": 6,
      "monthlyMortgagePayment": 1019.9525970602615,
      "mortgageBalance": 156130.5853504299,
      "principalPaid": 5088.66742974263,
      "interestPaid": 7150.763734980509,
      "monthlyRent": 927.41925944,
      "monthlyServiceCharge": 212.71359375000006,
      "monthlySavings": -305.24693137026156,
      "cumulativeSavings": -24943.677724058827,
      "cumulativeSavingsWithAppreciation": -29339.012170387363,
      "propertyValue": 236494.10804544002,
      "equityInProperty": 76816.11107432852,
      "investmentValue": 47762.09186116001,
      "investmentAppreciation": 1391.1288891600052,
      "sizeOfEquityBuying": 47477.098903941165,
      "sizeOfEquityIfInvested": 47762.09186116001,
      "difference": -284.9929572188412,
      "winner": "rent"
    },
    {
      "year": 7,
      "monthlyMortgagePayment": 1019.9525970602615,
      "mortgageBalance": 150808.14542927514,
      "principalPaid": 5322.439921154758,
      "interestPaid": 6916.991243568381,
      "monthlyRent": 955.2418372232002,
      "monthlyServiceCharge": 223.34927343750007,
      "monthlySavings": -288.0600332745614,
      "cumulativeSavings": -28400.398123353563,
      "cumulativeSavingsWithAppreciation": -34391.83693449426,
      "propertyValue": 241223.9902063488,
      "equityInProperty": 86797.48492397842,
      "investmentValue": 49194.95461699481,
      "investmentAppreciation": 1432.8627558348016,
      "sizeOfEquityBuying": 52405.64798948416,
      "sizeOfEquityIfInvested": 49194.95461699481,
      "difference": 3210.6933724893534,
      "winner": "buy"
    },
    {
      "year": 8,
      "monthlyMortgagePayment": 1019.9525970602615,
      "mortgageBalance": 145241.19354935348,
      "principalPaid": 5566.951879921659,
      "interestPaid": 6672.479284801477,
      "monthlyRent": 983.8990923398961,
      "monthlyServiceCharge": 234.51673710937507,
      "monthlySavings": -270.57024182974044,
      "cumulativeSavings": -31647.24102531045,
      "cumulativeSavingsWithAppreciation": -39487.52437054335,
      "propertyValue": 246048.4700104758,
      "equityInProperty": 97116.54941096519,
      "investmentValue": 50670.80325550465,
      "investmentAppreciation": 1475.848638509844,
      "sizeOfEquityBuying": 57629.02504042184,
      "sizeOfEquityIfInvested": 50670.80325550465,
      "difference": 6958.221784917187,
      "winner": "buy"
    },
    {
      "year": 9,
      "monthlyMortgagePayment": 1019.9525970602615,
      "mortgageBalance": 139418.49687405882,
      "principalPaid": 5822.696675294649,
      "interestPaid": 6416.73448942849,
      "monthlyRent": 1013.4160651100931,
      "monthlyServiceCharge": 246.24257396484384,
      "monthlySavings": -252.77910591501225,
      "cumulativeSavings": -34680.5902962906,
      "cumulativeSavingsWithAppreciation": -44624.551831625315,
      "propertyValue": 250969.43941068533,
      "equityInProperty": 107786.40094546623,
      "investmentValue": 52190.9273531698,
      "investmentAppreciation": 1520.124097665146,
      "sizeOfEquityBuying": 63161.849113840915,
      "sizeOfEquityIfInvested": 52190.9273531698,
      "difference": 10970.921760671117,
      "winner": "buy"
    },
    {
      "year": 10,
      "monthlyMortgagePayment": 1019.9525970602615,
      "mortgageBalance": 133328.30653223672,
      "principalPaid": 6090.190341822114,
      "interestPaid": 6149.240822901025,
      "monthlyRent": 1043.818547063396,
      "monthlyServiceCharge": 258.55470266308606,
      "monthlySavings": -234.6887526599516,
      "cumulativeSavings": -37496.85532821002,