{
  "description": "Low rent scenario: buying is better",
  "inputs": {
    "propertyPrice": 200000,
    "downPayment": 40000,
    "interestRate": 4.5,
    "mortgageLength": 25,
    "timeInProperty": 10,
    "rentPcm": 400,
    "rentInflation": 3,
    "serviceCharge": 2000,
    "serviceChargeIncrease": 5,
    "propertyAppreciation": 2,
    "investmentAppreciationBuying": 5,
    "investmentAppreciationRenting": 3,
    "stampDuty": 1500,
    "renovationCost": 10000,
    "renovationReturn": 0,
    "legalConveyancingSurveyCost": 2000,
    "estateAgentFeesPercent": 1.5
  },
  "expected": [
    {
      "year": 1,
      "monthlyMortgagePayment": 956.0318620946321,
      "mortgageBalance": 168189.66684621954,
      "principalPaid": 3810.333153780397,
      "interestPaid": 7662.049191355187,
      "monthlyRent": 400,
      "monthlyServiceCharge": 166.66666666666666,
      "monthlySavings": -722.6985287612987,
      "cumulativeSavings": -8672.382345135584,
      "cumulativeSavingsWithAppreciation": -8910.885426991214,
      "propertyValue": 204000,
      "equityInProperty": 29250.333153780462,
      "investmentValue": 41200,
      "sizeOfEquityBuying": 20339.44772678925,
      "sizeOfEquityIfInvested": 41200,
      "difference": -20860.55227321075,
      "winner": "rent"
    },
    {
      "year": 2,
      "monthlyMortgagePayment": 956.0318620946321,
      "mortgageBalance": 164204.28765400813,
      "principalPaid": 3985.3791922114306,
      "interestPaid": 7487.003152924154,
      "monthlyRent": 412,
      "monthlyServiceCharge": 175,
      "monthlySavings": -719.0318620946321,
      "cumulativeSavings": -17300.76469027117,
      "cumulativeSavingsWithAppreciation": -18232.45860047248,
      "propertyValue": 208080,
      "equityInProperty": 37254.51234599187,
      "investmentValue": 42436,
      "sizeOfEquityBuying": 19022.053745519388,
      "sizeOfEquityIfInvested": 42436,
      "difference": -23413.946254480612,
      "winner": "rent"
    },
    {
      "year": 3,
      "monthlyMortgagePayment": 956.0318620946321,
      "mortgageBalance": 160035.8208389861,
      "principalPaid": 4168.466815022033,
      "interestPaid": 7303.915530113552,
      "monthlyRent": 424.35999999999996,
      "monthlyServiceCharge": 183.75,
      "monthlySavings": -715.4218620946322,
      "cumulativeSavings": -25885.827035406757,
      "cumulativeSavingsWithAppreciation": -27986.42978597641,
      "propertyValue": 212241.60000000003,
      "equityInProperty": 45522.15516101392,
      "investmentValue": 43709.08,
      "sizeOfEquityBuying": 17535.725375037513,
      "sizeOfEquityIfInvested": 43709.08,
      "difference": -26173.35462496249,
      "winner": "rent"
    },
    {
      "year": 4,
      "monthlyMortgagePayment": 956.0318620946321,
      "mortgageBalance": 155675.85538779444,
      "principalPaid": 4359.965451191654,
      "interestPaid": 7112.4168939439305,
      "monthlyRent": 437.0908,
      "monthlyServiceCharge": 192.93750000000003,
      "monthlySavings": -711.8785620946321,
      "cumulativeSavings": -34428.36978054234,
      "cumulativeSavingsWithAppreciation": -38195.74369859826,
      "propertyValue": 216486.432,
      "equityInProperty": 54063.28013220557,
      "investmentValue": 45020.3524,
      "sizeOfEquityBuying": 15867.53643360731,
      "sizeOfEquityIfInvested": 45020.3524,
      "difference": -29152.815966392693,
      "winner": "rent"
    },
    {
      "year": 5,
      "monthlyMortgagePayment": 956.0318620946321,
      "mortgageBalance": 151115.59388659202,
      "principalPaid": 4560.261501202418,
      "interestPaid": 6912.120843933167,
      "monthlyRent": 450.2035240000001,
      "monthlyServiceCharge": 202.58437500000002,
      "monthlySavings": -708.412713094632,
      "cumulativeSavings": -42929.32233767793,
      "cumulativeSavingsWithAppreciation": -48884.65150862084,
      "propertyValue": 220816.16064000002,
      "equityInProperty": 62888.324343807995,
      "investmentValue": 46370.962972,
      "sizeOfEquityBuying": 14003.672835187157,
      "sizeOfEquityIfInvested": 46370.962972,
      "difference": -32367.290136812844,
      "winner": "rent"
    },
    {
      "year": 6,
      "monthlyMortgagePayment": 956.0318620946321,
      "mortgageBalance": 146345.834769885,
      "principalPaid": 4769.759116706999,
      "interestPaid": 6702.623228428587,
      "monthlyRent": 463.70962972,
      "monthlyServiceCharge": 212.71359375000006,
      "monthlySavings": -705.0358261246321,
      "cumulativeSavings": -51389.752251173515,
      "cumulativeSavingsWithAppreciation": -60078.78705342459,
      "propertyValue": 225232.4838528,
      "equityInProperty": 72008.16182512301,
      "investmentValue": 47762.09186116001,
      "sizeOfEquityBuying": 11929.374771698422,
      "sizeOfEquityIfInvested": 47762.09186116001,
      "difference": -35832.717089461585,
      "winner": "rent"
    },
    {
      "year": 7,
      "monthlyMortgagePayment": 956.0318620946321,
      "mortgageBalance": 141356.9537538707,
      "principalPaid": 4988.881016014278,
      "interestPaid": 6483.501329121306,
      "monthlyRent": 477.6209186116001,
      "monthlyServiceCharge": 223.34927343750007,
      "monthlySavings": -701.760216920532,
      "cumulativeSavings": -59810.8748542199,
      "cumulativeSavingsWithAppreciation": -71805.24749939812,
      "propertyValue": 229737.13352985602,
      "equityInProperty": 81434.12277303747,
      "investmentValue": 49194.95461699481,
      "sizeOfEquityBuying": 9628.87527363935,
      "sizeOfEquityIfInvested": 49194.95461699481,
      "difference": -39566.07934335546,
      "winner": "rent"
    },
    {
      "year": 8,
      "monthlyMortgagePayment": 956.0318620946321,
      "mortgageBalance": 136138.8844168324,
      "principalPaid": 5218.0693370383,
      "interestPaid": 6254.313008097285,
      "monthlyRent": 491.94954616994806,
      "monthlyServiceCharge": 234.51673710937507,
      "monthlySavings": -698.5990530340591,
      "cumulativeSavings": -68194.06349062861,
      "cumulativeSavingsWithAppreciation": -84092.67871153147,
      "propertyValue": 234331.87620045315,
      "equityInProperty": 91178.01364061394,
      "investmentValue": 50670.80325550465,
      "sizeOfEquityBuying": 7085.33492908247,
      "sizeOfEquityIfInvested": 50670.80325550465,
      "difference": -43585.46832642218,
      "winner": "rent"
    },
    {
      "year": 9,
      "monthlyMortgagePayment": 956.0318620946321,
      "mortgageBalance": 130681.0978874009,
      "principalPaid": 5457.78652943151,
      "interestPaid": 6014.595815704075,
      "monthlyRent": 506.70803255504654,
      "monthlyServiceCharge": 246.24257396484384,
      "monthlySavings": -695.5664035044293,
      "cumulativeSavings": -76540.86033268177,
      "cumulativeSavingsWithAppreciation": -96971.3656031322,
      "propertyValue": 239018.51372446222,
      "equityInProperty": 101252.13813119438,
      "investmentValue": 52190.9273531698,
      "sizeOfEquityBuying": 4280.772528062182,
      "sizeOfEquityIfInvested": 52190.9273531698,
      "difference": -47910.15482510762,
      "winner": "rent"
    },
    {
      "year": 10,
      "monthlyMortgagePayment": 956.0318620946321,
      "mortgageBalance": 124972.58159969842,
      "principalPaid": 5708.516287702484,
      "interestPaid": 5763.866057433099,
      "monthlyRent": 521.909273531698,
      "monthlyServiceCharge": 258.55470266308606,
      "monthlySavings": -692.6772912260201,
      "cumulativeSavings": -84852.98782739401,
      "cumulativeSavingsWithAppreciation": -110473.32775369886,
      "propertyValue": 243798.88399895147,
      "equityInProperty": 111669.31913926877,
      "investmentValue": 53756.65517376489,
      "sizeOfEquityBuying": 1195.9913855699124,
      "sizeOfEquityIfInvested": 53756.65517376489,
      "difference": -52560.66378819498,
      "winner": "rent"
    }
  ]
}
