{
  "description": "Low rent scenario: buying is better",
  "inputs": {
    "propertyPrice": 200000,
    "interestRate": 4.5,
    "mortgageLength": 25,
    "timeInProperty": 10,
    "rentPcm": 400,
    "rentInflation": 3,
    "serviceCharge": 2000,
    "serviceChargeIncrease": 5,
    "propertyAppreciation": 2,
    "investmentAppreciationBuying": 5,
    "investmentAppreciationRenting": 3,
    "stampDuty": 1500,
    "renovationCost": 10000,
    "renovationReturn": 0,
    "legalConveyancingSurveyCost": 2000,
    "estateAgentFeesPercent": 1.5,
    "initialCapital": 40000
  },
  "expected": [
    {
      "year": 1,
      "monthlyMortgagePayment": 964.369349264062,
      "mortgageBalance": 169656.43719662266,
      "principalPaid": 3843.562803377318,
      "interestPaid": 7728.869387791427,
      "monthlyRent": 400,
      "monthlyServiceCharge": 166.66666666666666,
      "monthlySavings": -731.0360159307286,
      "cumulativeSavings": -8772.432191168744,
      "cumulativeSavingsWithAppreciation": -9013.686788775,
      "propertyValue": 204000,
      "equityInProperty": 31283.56280337734,
      "investmentValue": 41200,
      "investmentAppreciation": 1200,
      "sizeOfEquityBuying": 22269.87601460234,
      "sizeOfEquityIfInvested": 41200,
      "difference": -18930.12398539766,
      "winner": "rent"
    },
    {
      "year": 2,
      "monthlyMortgagePayment": 964.369349264062,
      "mortgageBalance": 165636.30179052567,
      "principalPaid": 4020.1354060969925,
      "interestPaid": 7552.2967850717505,
      "monthlyRent": 412,
      "monthlyServiceCharge": 175,
      "monthlySavings": -727.369349264062,
      "cumulativeSavings": -17500.864382337488,
      "cumulativeSavingsWithAppreciation": -18443.32083681374,
      "propertyValue": 208080,
      "equityInProperty": 39322.49820947433,
      "investmentValue": 42436,
      "investmentAppreciation": 1236,
      "sizeOfEquityBuying": 20879.177372660593,
      "sizeOfEquityIfInvested": 42436,
      "difference": -21556.822627339407,
      "winner": "rent"
    },
    {
      "year": 3,
      "monthlyMortgagePayment": 964.369349264062,
      "mortgageBalance": 161431.4820672331,
      "principalPaid": 4204.819723292572,
      "interestPaid": 7367.612467876171,
      "monthlyRent": 424.35999999999996,
      "monthlyServiceCharge": 183.75,
      "monthlySavings": -723.7593492640619,
      "cumulativeSavings": -26185.976573506232,
      "cumulativeSavingsWithAppreciation": -28310.88149630426,
      "propertyValue": 212241.60000000003,
      "equityInProperty": 47626.493932766934,
      "investmentValue": 43709.08,
      "investmentAppreciation": 1273.0800000000017,
      "sizeOfEquityBuying": 19315.612436462674,
      "sizeOfEquityIfInvested": 43709.08,
      "difference": -24393.467563537328,
      "winner": "rent"
    },
    {
      "year": 4,
      "monthlyMortgagePayment": 964.369349264062,
      "mortgageBalance": 157033.4936615252,
      "principalPaid": 4397.988405707858,
      "interestPaid": 7174.443785460886,
      "monthlyRent": 437.0908,
      "monthlyServiceCharge": 192.93750000000003,
      "monthlySavings": -720.2160492640619,
      "cumulativeSavings": -34828.56916467498,
      "cumulativeSavingsWithAppreciation": -38639.59633598123,
      "propertyValue": 216486.432,
      "equityInProperty": 56205.64185847481,
      "investmentValue": 45020.3524,
      "investmentAppreciation": 1311.2724000000017,
      "sizeOfEquityBuying": 17566.04552249358,
      "sizeOfEquityIfInvested": 45020.3524,
      "difference": -27454.306877506424,
      "winner": "rent"
    },
    {
      "year": 5,
      "monthlyMortgagePayment": 964.369349264062,
      "mortgageBalance": 152433.4624379286,
      "principalPaid": 4600.031223596624,
      "interestPaid": 6972.400967572118,
      "monthlyRent": 450.2035240000001,
      "monthlyServiceCharge": 202.58437500000002,
      "monthlySavings": -716.7502002640618,
      "cumulativeSavings": -43429.57156784372,
      "cumulativeSavingsWithAppreciation": -49454.01385109593,
      "propertyValue": 220816.16064000002,
      "equityInProperty": 65070.45579247142,
      "investmentValue": 46370.962972,
      "investmentAppreciation": 1350.6105719999978,
      "sizeOfEquityBuying": 15616.441941375488,
      "sizeOfEquityIfInvested": 46370.962972,
      "difference": -30754.521030624514,
      "winner": "rent"
    },
    {
      "year": 6,
      "monthlyMortgagePayment": 964.369349264062,
      "mortgageBalance": 147622.1065847387,
      "principalPaid": 4811.355853189905,
      "interestPaid": 6761.076337978839,
      "monthlyRent": 463.70962972,
      "monthlyServiceCharge": 212.71359375000006,
      "monthlySavings": -713.373313294062,
      "cumulativeSavings": -51990.051327372465,
      "cumulativeSavingsWithAppreciation": -60780.080415706885,
      "propertyValue": 225232.4838528,
      "equityInProperty": 74231.8900102693,
      "investmentValue": 47762.09186116001,
      "investmentAppreciation": 1391.1288891600052,
      "sizeOfEquityBuying": 13451.809594562415,
      "sizeOfEquityIfInvested": 47762.09186116001,
      "difference": -34310.28226659759,
      "winner": "rent"
    },
    {
      "year": 7,
      "monthlyMortgagePayment": 964.369349264062,
      "mortgageBalance": 142589.71788544522,
      "principalPaid": 5032.388699293471,
      "interestPaid": 6540.0434918752735,
      "monthlyRent": 477.6209186116001,
      "monthlyServiceCharge": 223.34927343750007,
      "monthlySavings": -710.097704089962,
      "cumulativeSavings": -60511.22377645201,
      "cumulativeSavingsWithAppreciation": -72645.22172285042,
      "propertyValue": 229737.13352985602,
      "equityInProperty": 83701.35864146295,
      "investmentValue": 49194.95461699481,
      "investmentAppreciation": 1432.8627558348016,
      "sizeOfEquityBuying": 11056.136918612538,
      "sizeOfEquityIfInvested": 49194.95461699481,
      "difference": -38138.81769838227,
      "winner": "rent"
    },
    {
      "year": 8,
      "monthlyMortgagePayment": 964.369349264062,
      "mortgageBalance": 137326.14212976993,
      "principalPaid": 5263.57575567526,
      "interestPaid": 6308.856435493484,
      "monthlyRent": 491.94954616994806,
      "monthlyServiceCharge": 234.51673710937507,
      "monthlySavings": -706.9365402034889,
      "cumulativeSavings": -68994.46225889388,
      "cumulativeSavingsWithAppreciation": -85078.4289722111,
      "propertyValue": 234331.87620045315,
      "equityInProperty": 93490.75592767642,
      "investmentValue": 50670.80325550465,
      "investmentAppreciation": 1475.848638509844,
      "sizeOfEquityBuying": 8412.326955465323,
      "sizeOfEquityIfInvested": 50670.80325550465,
      "difference": -42258.47630003933,
      "winner": "rent"
    },
    {
      "year": 9,
      "monthlyMortgagePayment": 964.369349264062,
      "mortgageBalance": 131820.75862479102,
      "principalPaid": 5505.383504978876,
      "interestPaid": 6067.048686189867,
      "monthlyRent": 506.70803255504654,
      "monthlyServiceCharge": 246.24257396484384,
      "monthlySavings": -703.9038906738592,
      "cumulativeSavings": -77441.30894698019,
      "cumulativeSavingsWithAppreciation": -98110.3500797694,
      "propertyValue": 239018.51372446222,
      "equityInProperty": 103612.47739380426,
      "investmentValue": 52190.9273531698,
      "investmentAppreciation": 1520.124097665146,
      "sizeOfEquityBuying": 5502.127314034864,
      "sizeOfEquityIfInvested": 52190.9273531698,
      "difference": -46688.800039134934,
      "winner": "rent"
    },
    {
      "year": 10,
      "monthlyMortgagePayment": 964.369349264062,
      "mortgageBalance": 126062.45876481205,
      "principalPaid": 5758.29985997896,
      "interestPaid": 5814.132331189784,
      "monthlyRent": 521.909273531698,
      "monthlyServiceCharge": 258.55470266308606,
      "monthlySavings": -701.0147783954501,
      "cumulativeSavings": -85853.4862877256,
      "cumulativeSavingsWithAppreciation": -111773.38619960242,