{
  "description": "High investment appreciation: 10% for buying",
  "inputs": {
    "propertyPrice": 200000,
    "downPayment": 40000,
    "interestRate": 4.5,
    "mortgageLength": 25,
    "timeInProperty": 10,
    "rentPcm": 800,
    "rentInflation": 3,
    "serviceCharge": 2000,
    "serviceChargeIncrease": 5,
    "propertyAppreciation": 2,
    "investmentAppreciationBuying": 10,
    "investmentAppreciationRenting": 3,
    "stampDuty": 1500,
    "renovationCost": 10000,
    "renovationReturn": 0,
    "legalConveyancingSurveyCost": 2000,
    "estateAgentFeesPercent": 1.5
  },
  "expected": [
    {
      "year": 1,
      "monthlyMortgagePayment": 956.0318620946321,
      "mortgageBalance": 168189.66684621954,
      "principalPaid": 3810.333153780397,
      "interestPaid": 7662.049191355187,
      "monthlyRent": 800,
      "monthlyServiceCharge": 166.66666666666666,
      "monthlySavings": -322.6985287612987,
      "cumulativeSavings": -3872.3823451355843,
      "cumulativeSavingsWithAppreciation": -4088.681089452101,
      "propertyValue": 204000,
      "equityInProperty": 29250.333153780462,
      "investmentValue": 41200,
      "sizeOfEquityBuying": 25161.652064328362,
      "sizeOfEquityIfInvested": 41200,
      "difference": -16038.347935671638,
      "winner": "rent"
    },
    {
      "year": 2,
      "monthlyMortgagePayment": 956.0318620946321,
      "mortgageBalance": 164204.28765400813,
      "principalPaid": 3985.3791922114306,
      "interestPaid": 7487.003152924154,
      "monthlyRent": 824,
      "monthlyServiceCharge": 175,
      "monthlySavings": -307.03186209463206,
      "cumulativeSavings": -7556.7646902711695,
      "cumulativeSavingsWithAppreciation": -8406.99944605707,
      "propertyValue": 208080,
      "equityInProperty": 37254.51234599187,
      "investmentValue": 42436,
      "sizeOfEquityBuying": 28847.512899934798,
      "sizeOfEquityIfInvested": 42436,
      "difference": -13588.487100065202,
      "winner": "rent"
    },
    {
      "year": 3,
      "monthlyMortgagePayment": 956.0318620946321,
      "mortgageBalance": 160035.8208389861,
      "principalPaid": 4168.466815022033,
      "interestPaid": 7303.915530113552,
      "monthlyRent": 848.7199999999999,
      "monthlyServiceCharge": 183.75,
      "monthlySavings": -291.06186209463215,
      "cumulativeSavings": -11049.507035406756,
      "cumulativeSavingsWithAppreciation": -12975.157773838668,
      "propertyValue": 212241.60000000003,
      "equityInProperty": 45522.15516101392,
      "investmentValue": 43709.08,
      "sizeOfEquityBuying": 32546.99738717525,
      "sizeOfEquityIfInvested": 43709.08,
      "difference": -11162.08261282475,
      "winner": "rent"
    },
    {
      "year": 4,
      "monthlyMortgagePayment": 956.0318620946321,
      "mortgageBalance": 155675.85538779444,
      "principalPaid": 4359.965451191654,
      "interestPaid": 7112.4168939439305,
      "monthlyRent": 874.1816,
      "monthlyServiceCharge": 192.93750000000003,
      "monthlySavings": -274.78776209463206,
      "cumulativeSavings": -14346.96018054234,
      "cumulativeSavingsWithAppreciation": -17815.464550047367,
      "propertyValue": 216486.432,
      "equityInProperty": 54063.28013220557,
      "investmentValue": 45020.3524,
      "sizeOfEquityBuying": 36247.815582158204,
      "sizeOfEquityIfInvested": 45020.3524,
      "difference": -8772.5368178418,
      "winner": "rent"
    },
    {
      "year": 5,
      "monthlyMortgagePayment": 956.0318620946321,
      "mortgageBalance": 151115.59388659202,
      "principalPaid": 4560.261501202418,
      "interestPaid": 6912.120843933167,
      "monthlyRent": 900.4070480000001,
      "monthlyServiceCharge": 202.58437500000002,
      "monthlySavings": -258.20918909463194,
      "cumulativeSavings": -17445.470449677923,
      "cumulativeSavingsWithAppreciation": -22952.559515001598,
      "propertyValue": 220816.16064000002,
      "equityInProperty": 62888.324343807995,
      "investmentValue": 46370.962972,
      "sizeOfEquityBuying": 39935.764828806394,
      "sizeOfEquityIfInvested": 46370.962972,
      "difference": -6435.198143193607,
      "winner": "rent"
    },
    {
      "year": 6,
      "monthlyMortgagePayment": 956.0318620946321,
      "mortgageBalance": 146345.834769885,
      "principalPaid": 4769.759116706999,
      "interestPaid": 6702.623228428587,
      "monthlyRent": 927.41925944,
      "monthlyServiceCharge": 212.71359375000006,
      "monthlySavings": -241.3261964046321,
      "cumulativeSavings": -20341.384806533508,
      "cumulativeSavingsWithAppreciation": -28413.66318726221,
      "propertyValue": 225232.4838528,
      "equityInProperty": 72008.16182512301,
      "investmentValue": 47762.09186116001,
      "sizeOfEquityBuying": 43594.4986378608,
      "sizeOfEquityIfInvested": 47762.09186116001,
      "difference": -4167.593223299205,
      "winner": "rent"
    },
    {
      "year": 7,
      "monthlyMortgagePayment": 956.0318620946321,
      "mortgageBalance": 141356.9537538707,
      "principalPaid": 4988.881016014278,
      "interestPaid": 6483.501329121306,
      "monthlyRent": 955.2418372232002,
      "monthlyServiceCharge": 223.34927343750007,
      "monthlySavings": -224.13929830893198,
      "cumulativeSavings": -23031.056386240693,
      "cumulativeSavingsWithAppreciation": -34228.85294551254,
      "propertyValue": 229737.13352985602,
      "equityInProperty": 81434.12277303747,
      "investmentValue": 49194.95461699481,
      "sizeOfEquityBuying": 47205.26982752493,
      "sizeOfEquityIfInvested": 49194.95461699481,
      "difference": -1989.6847894698803,
      "winner": "rent"
    },
    {
      "year": 8,
      "monthlyMortgagePayment": 956.0318620946321,
      "mortgageBalance": 136138.8844168324,
      "principalPaid": 5218.0693370383,
      "interestPaid": 6254.313008097285,
      "monthlyRent": 983.8990923398961,
      "monthlyServiceCharge": 234.51673710937507,
      "monthlySavings": -206.649506864111,
      "cumulativeSavings": -25510.850468610024,
      "cumulativeSavingsWithAppreciation": -40431.36848605989,
      "propertyValue": 234331.87620045315,
      "equityInProperty": 91178.01364061394,
      "investmentValue": 50670.80325550465,
      "sizeOfEquityBuying": 50746.64515455405,
      "sizeOfEquityIfInvested": 50670.80325550465,
      "difference": 75.84189904939558,
      "winner": "buy"
    },
    {
      "year": 9,
      "monthlyMortgagePayment": 956.0318620946321,
      "mortgageBalance": 130681.0978874009,
      "principalPaid": 5457.78652943151,
      "interestPaid": 6014.595815704075,
      "monthlyRent": 1013.4160651100931,
      "monthlyServiceCharge": 246.24257396484384,
      "monthlySavings": -188.85837094938282,
      "cumulativeSavings": -27777.15092000262,
      "cumulativeSavingsWithAppreciation": -47057.94976050783,
      "propertyValue": 239018.51372446222,
      "equityInProperty": 101252.13813119438,
      "investmentValue": 52190.9273531698,
      "sizeOfEquityBuying": 54194.188370686556,
      "sizeOfEquityIfInvested": 52190.9273531698,
      "difference": 2003.2610175167574,
      "winner": "buy"
    },
    {
      "year": 10,
      "monthlyMortgagePayment": 956.0318620946321,
      "mortgageBalance": 124972.58159969842,
      "principalPaid": 5708.516287702484,
      "interestPaid": 5763.866057433099,
      "monthlyRent": 1043.818547063396,
      "monthlyServiceCharge": 258.55470266308606,
      "monthlySavings": -170.76801769432217,
      "cumulativeSavings": -29826.367132334486,
      "cumulativeSavingsWithAppreciation": -54149.21082481975,
      "propertyValue": 243798.88399895147,
      "equityInProperty": 111669.31913926877,
      "investmentValue": 53756.65517376489,
      "sizeOfEquityBuying": 57520.108314449026,
      "sizeOfEquityIfInvested": 53756.65517376489,
      "difference": 3763.4531406841343,
      "winner": "buy"
    }
  ]
}
