{
  "description": "High investment appreciation: 10% for buying",
  "inputs": {
    "propertyPrice": 200000,
    "downPayment": 40000,
    "interestRate": 4.5,
    "mortgageLength": 25,
    "timeInProperty": 10,
    "rentPcm": 800,
    "rentInflation": 3,
    "serviceCharge": 2000,
    "serviceChargeIncrease": 5,
    "propertyAppreciation": 2,
    "investmentAppreciationBuying": 10,
    "investmentAppreciationRenting": 3,
    "stampDuty": 1500,
    "renovationCost": 10000,
    "renovationReturn": 0,
    "legalConveyancingSurveyCost": 2000,
    "estateAgentFeesPercent": 1.5
  },
  "expected": [
    {
      "year": 1,
      "monthlyMortgagePayment": 964.369349264062,
      "mortgageBalance": 169656.43719662266,
      "principalPaid": 3843.562803377318,
      "interestPaid": 7728.869387791427,
      "monthlyRent": 800,
      "monthlyServiceCharge": 166.66666666666666,
      "monthlySavings": -331.0360159307286,
      "cumulativeSavings": -3972.432191168743,
      "cumulativeSavingsWithAppreciation": -4194.31939605998,
      "propertyValue": 204000,
      "equityInProperty": 31283.56280337734,
      "investmentValue": 41200,
      "investmentAppreciation": 1200,
      "sizeOfEquityBuying": 27089.243407317357,
      "sizeOfEquityIfInvested": 41200,
      "difference": -14110.756592682643,
      "winner": "rent"
    },
    {
      "year": 2,
      "monthlyMortgagePayment": 964.369349264062,
      "mortgageBalance": 165636.30179052567,
      "principalPaid": 4020.1354060969925,
      "interestPaid": 7552.2967850717505,
      "monthlyRent": 824,
      "monthlyServiceCharge": 175,
      "monthlySavings": -315.36934926406195,
      "cumulativeSavings": -7756.864382337486,
      "cumulativeSavingsWithAppreciation": -8629.337770397042,
      "propertyValue": 208080,
      "equityInProperty": 39322.49820947433,
      "investmentValue": 42436,
      "investmentAppreciation": 1236,
      "sizeOfEquityBuying": 30693.16043907729,
      "sizeOfEquityIfInvested": 42436,
      "difference": -11742.839560922708,
      "winner": "rent"
    },
    {
      "year": 3,
      "monthlyMortgagePayment": 964.369349264062,
      "mortgageBalance": 161431.4820672331,
      "principalPaid": 4204.819723292572,
      "interestPaid": 7367.612467876171,
      "monthlyRent": 848.7199999999999,
      "monthlyServiceCharge": 183.75,
      "monthlySavings": -299.39934926406204,
      "cumulativeSavings": -11349.65657350623,
      "cumulativeSavingsWithAppreciation": -13326.416132737915,
      "propertyValue": 212241.60000000003,
      "equityInProperty": 47626.493932766934,
      "investmentValue": 43709.08,
      "investmentAppreciation": 1273.0800000000017,
      "sizeOfEquityBuying": 34300.077800029016,
      "sizeOfEquityIfInvested": 43709.08,
      "difference": -9409.002199970986,
      "winner": "rent"
    },
    {
      "year": 4,
      "monthlyMortgagePayment": 964.369349264062,
      "mortgageBalance": 157033.4936615252,
      "principalPaid": 4397.988405707858,
      "interestPaid": 7174.443785460886,
      "monthlyRent": 874.1816,
      "monthlyServiceCharge": 192.93750000000003,
      "monthlySavings": -283.12524926406195,
      "cumulativeSavings": -14747.159564674974,
      "cumulativeSavingsWithAppreciation": -18309.14255577922,
      "propertyValue": 216486.432,
      "equityInProperty": 56205.64185847481,
      "investmentValue": 45020.3524,
      "investmentAppreciation": 1311.2724000000017,
      "sizeOfEquityBuying": 37896.49930269559,
      "sizeOfEquityIfInvested": 45020.3524,
      "difference": -7123.853097304411,
      "winner": "rent"
    },
    {
      "year": 5,
      "monthlyMortgagePayment": 964.369349264062,
      "mortgageBalance": 152433.4624379286,
      "principalPaid": 4600.031223596624,
      "interestPaid": 6972.400967572118,
      "monthlyRent": 900.4070480000001,
      "monthlyServiceCharge": 202.58437500000002,
      "monthlySavings": -266.54667626406183,
      "cumulativeSavings": -17945.719679843714,
      "cumulativeSavingsWithAppreciation": -23603.57036564982,
      "propertyValue": 220816.16064000002,
      "equityInProperty": 65070.45579247142,
      "investmentValue": 46370.962972,
      "investmentAppreciation": 1350.6105719999978,
      "sizeOfEquityBuying": 41466.885426821595,
      "sizeOfEquityIfInvested": 46370.962972,
      "difference": -4904.077545178407,
      "winner": "rent"
    },
    {
      "year": 6,
      "monthlyMortgagePayment": 964.369349264062,
      "mortgageBalance": 147622.1065847387,
      "principalPaid": 4811.355853189905,
      "interestPaid": 6761.076337978839,
      "monthlyRent": 927.41925944,
      "monthlyServiceCharge": 212.71359375000006,
      "monthlySavings": -249.663683574062,
      "cumulativeSavings": -20941.683882732457,
      "cumulativeSavingsWithAppreciation": -29238.48168762725,
      "propertyValue": 225232.4838528,
      "equityInProperty": 74231.8900102693,
      "investmentValue": 47762.09186116001,
      "investmentAppreciation": 1391.1288891600052,
      "sizeOfEquityBuying": 44993.40832264205,
      "sizeOfEquityIfInvested": 47762.09186116001,
      "difference": -2768.6835385179584,
      "winner": "rent"
    },
    {
      "year": 7,
      "monthlyMortgagePayment": 964.369349264062,
      "mortgageBalance": 142589.71788544522,
      "principalPaid": 5032.388699293471,
      "interestPaid": 6540.0434918752735,
      "monthlyRent": 955.2418372232002,
      "monthlyServiceCharge": 223.34927343750007,
      "monthlySavings": -232.47678547836188,
      "cumulativeSavings": -23731.4053084728,
      "cumulativeSavingsWithAppreciation": -35245.67902774102,
      "propertyValue": 229737.13352985602,
      "equityInProperty": 83701.35864146295,
      "investmentValue": 49194.95461699481,
      "investmentAppreciation": 1432.8627558348016,
      "sizeOfEquityBuying": 48455.679613721935,
      "sizeOfEquityIfInvested": 49194.95461699481,
      "difference": -739.2750032728727,
      "winner": "rent"
    },
    {
      "year": 8,
      "monthlyMortgagePayment": 964.369349264062,
      "mortgageBalance": 137326.14212976993,
      "principalPaid": 5263.57575567526,
      "interestPaid": 6308.856435493484,
      "monthlyRent": 983.8990923398961,
      "monthlyServiceCharge": 234.51673710937507,
      "monthlySavings": -214.9869940335409,
      "cumulativeSavings": -26311.24923687529,
      "cumulativeSavingsWithAppreciation": -41660.30785302072,
      "propertyValue": 234331.87620045315,
      "equityInProperty": 93490.75592767642,
      "investmentValue": 50670.80325550465,
      "investmentAppreciation": 1475.848638509844,
      "sizeOfEquityBuying": 51830.4480746557,
      "sizeOfEquityIfInvested": 50670.80325550465,
      "difference": 1159.64481915105,
      "winner": "buy"
    },
    {
      "year": 9,
      "monthlyMortgagePayment": 964.369349264062,
      "mortgageBalance": 131820.75862479102,
      "principalPaid": 5505.383504978876,
      "interestPaid": 6067.048686189867,
      "monthlyRent": 1013.4160651100931,
      "monthlyServiceCharge": 246.24257396484384,
      "monthlySavings": -197.1958581188127,
      "cumulativeSavings": -28677.599534301044,
      "cumulativeSavingsWithAppreciation": -48521.21344489037,
      "propertyValue": 239018.51372446222,
      "equityInProperty": 103612.47739380426,
      "investmentValue": 52190.9273531698,
      "investmentAppreciation": 1520.124097665146,
      "sizeOfEquityBuying": 55091.2639489139,
      "sizeOfEquityIfInvested": 52190.9273531698,
      "difference": 2900.3365957440983,
      "winner": "buy"
    },
    {
      "year": 10,
      "monthlyMortgagePayment": 964.369349264062,
      "mortgageBalance": 126062.45876481205,
      "principalPaid": 5758.29985997896,
      "interestPaid": 5814.132331189784,
      "monthlyRent": 1043.818547063396,
      "monthlyServiceCharge": 258.55470266308606,
      "monthlySavings": -179.10550486375206,
      "cumulativeSavings": -30826.86559266607,