{
  "description": "High rent scenario: renting is better",
  "inputs": {
    "propertyPrice": 200000,
    "downPayment": 40000,
    "interestRate": 4.5,
    "mortgageLength": 25,
    "timeInProperty": 10,
    "rentPcm": 2000,
    "rentInflation": 3,
    "serviceCharge": 2000,
    "serviceChargeIncrease": 5,
    "propertyAppreciation": 2,
    "investmentAppreciationBuying": 5,
    "investmentAppreciationRenting": 3,
    "stampDuty": 1500,
    "renovationCost": 10000,
    "renovationReturn": 0,
    "legalConveyancingSurveyCost": 2000,
    "estateAgentFeesPercent": 1.5
  },
  "expected": [
    {
      "year": 1,
      "monthlyMortgagePayment": 956.0318620946321,
      "mortgageBalance": 168189.66684621954,
      "principalPaid": 3810.333153780397,
      "interestPaid": 7662.049191355187,
      "monthlyRent": 2000,
      "monthlyServiceCharge": 166.66666666666666,
      "monthlySavings": 877.3014712387013,
      "cumulativeSavings": 10527.617654864416,
      "cumulativeSavingsWithAppreciation": 10817.142396205101,
      "propertyValue": 204000,
      "equityInProperty": 29250.333153780462,
      "investmentValue": 41200,
      "investmentAppreciation": 0,
      "sizeOfEquityBuying": 40067.47554998557,
      "sizeOfEquityIfInvested": 41200,
      "difference": -1132.5244500144327,
      "winner": "rent"
    },
    {
      "year": 2,
      "monthlyMortgagePayment": 956.0318620946321,
      "mortgageBalance": 164204.28765400813,
      "principalPaid": 3985.3791922114306,
      "interestPaid": 7487.003152924154,
      "monthlyRent": 2060,
      "monthlyServiceCharge": 175,
      "monthlySavings": 928.9681379053679,
      "cumulativeSavings": 21675.23530972883,
      "cumulativeSavingsWithAppreciation": 22824.761225514394,
      "propertyValue": 208080,
      "equityInProperty": 37254.51234599187,
      "investmentValue": 42436,
      "investmentAppreciation": 1236,
      "sizeOfEquityBuying": 60079.27357150626,
      "sizeOfEquityIfInvested": 42436,
      "difference": 17643.27357150626,
      "winner": "buy"
    },
    {
      "year": 3,
      "monthlyMortgagePayment": 956.0318620946321,
      "mortgageBalance": 160035.8208389861,
      "principalPaid": 4168.466815022033,
      "interestPaid": 7303.915530113552,
      "monthlyRent": 2121.7999999999997,
      "monthlyServiceCharge": 183.75,
      "monthlySavings": 982.0181379053677,
      "cumulativeSavings": 33459.45296459324,
      "cumulativeSavingsWithAppreciation": 36100.820045684435,
      "propertyValue": 212241.60000000003,
      "equityInProperty": 45522.15516101392,
      "investmentValue": 43709.08,
      "investmentAppreciation": 1273.0800000000017,
      "sizeOfEquityBuying": 81622.97520669835,
      "sizeOfEquityIfInvested": 43709.08,
      "difference": 37913.89520669835,
      "winner": "buy"
    },
    {
      "year": 4,
      "monthlyMortgagePayment": 956.0318620946321,
      "mortgageBalance": 155675.85538779444,
      "principalPaid": 4359.965451191654,
      "interestPaid": 7112.4168939439305,
      "monthlyRent": 2185.454,
      "monthlyServiceCharge": 192.93750000000003,
      "monthlySavings": 1036.4846379053681,
      "cumulativeSavings": 45897.26861945766,
      "cumulativeSavingsWithAppreciation": 50727.680123628976,
      "propertyValue": 216486.432,
      "equityInProperty": 54063.28013220557,
      "investmentValue": 45020.3524,
      "investmentAppreciation": 1311.2724000000017,
      "sizeOfEquityBuying": 104790.96025583454,
      "sizeOfEquityIfInvested": 45020.3524,
      "difference": 59770.60785583453,
      "winner": "buy"
    },
    {
      "year": 5,
      "monthlyMortgagePayment": 956.0318620946321,
      "mortgageBalance": 151115.59388659202,
      "principalPaid": 4560.261501202418,
      "interestPaid": 6912.120843933167,
      "monthlyRent": 2251.01762,
      "monthlyServiceCharge": 202.58437500000002,
      "monthlySavings": 1092.4013829053679,
      "cumulativeSavings": 59006.085214322076,
      "cumulativeSavingsWithAppreciation": 66792.33256142582,
      "propertyValue": 220816.16064000002,
      "equityInProperty": 62888.324343807995,
      "investmentValue": 46370.962972,
      "investmentAppreciation": 1350.6105719999978,
      "sizeOfEquityBuying": 129680.65690523382,
      "sizeOfEquityIfInvested": 46370.962972,
      "difference": 83309.69393323382,
      "winner": "buy"
    },
    {
      "year": 6,
      "monthlyMortgagePayment": 956.0318620946321,
      "mortgageBalance": 146345.834769885,
      "principalPaid": 4769.759116706999,
      "interestPaid": 6702.623228428587,
      "monthlyRent": 2318.5481486000003,
      "monthlyServiceCharge": 212.71359375000006,
      "monthlySavings": 1149.8026927553683,
      "cumulativeSavings": 72803.7175273865,
      "cumulativeSavingsWithAppreciation": 84386.64225538119,
      "propertyValue": 225232.4838528,
      "equityInProperty": 72008.16182512301,
      "investmentValue": 47762.09186116001,
      "investmentAppreciation": 1391.1288891600052,
      "sizeOfEquityBuying": 156394.8040805042,
      "sizeOfEquityIfInvested": 47762.09186116001,
      "difference": 108632.71221934419,
      "winner": "buy"
    },
    {
      "year": 7,
      "monthlyMortgagePayment": 956.0318620946321,
      "mortgageBalance": 141356.9537538707,
      "principalPaid": 4988.881016014278,
      "interestPaid": 6483.501329121306,
      "monthlyRent": 2388.1045930580003,
      "monthlyServiceCharge": 223.34927343750007,
      "monthlySavings": 1208.723457525868,
      "cumulativeSavings": 87308.39901769691,
      "cumulativeSavingsWithAppreciation": 103607.60427942105,
      "propertyValue": 229737.13352985602,
      "equityInProperty": 81434.12277303747,
      "investmentValue": 49194.95461699481,
      "investmentAppreciation": 1432.8627558348016,
      "sizeOfEquityBuying": 185041.7270524585,
      "sizeOfEquityIfInvested": 49194.95461699481,
      "difference": 135846.7724354637,
      "winner": "buy"
    },
    {
      "year": 8,
      "monthlyMortgagePayment": 956.0318620946321,
      "mortgageBalance": 136138.8844168324,
      "principalPaid": 5218.0693370383,
      "interestPaid": 6254.313008097285,
      "monthlyRent": 2459.7477308497405,
      "monthlyServiceCharge": 234.51673710937507,
      "monthlySavings": 1269.1991316457334,
      "cumulativeSavings": 102538.7885974457,
      "cumulativeSavingsWithAppreciation": 124557.61331326306,
      "propertyValue": 234331.87620045315,
      "equityInProperty": 91178.01364061394,
      "investmentValue": 50670.80325550465,
      "investmentAppreciation": 1475.848638509844,
      "sizeOfEquityBuying": 215735.62695387698,
      "sizeOfEquityIfInvested": 50670.80325550465,
      "difference": 165064.82369837235,
      "winner": "buy"
    },
    {
      "year": 9,
      "monthlyMortgagePayment": 956.0318620946321,
      "mortgageBalance": 130681.0978874009,
      "principalPaid": 5457.78652943151,
      "interestPaid": 6014.595815704075,
      "monthlyRent": 2533.5401627752326,
      "monthlyServiceCharge": 246.24257396484384,
      "monthlySavings": 1331.2657267157567,
      "cumulativeSavings": 118513.97731803478,
      "cumulativeSavingsWithAppreciation": 147344.7467664362,
      "propertyValue": 239018.51372446222,
      "equityInProperty": 101252.13813119438,
      "investmentValue": 52190.9273531698,
      "investmentAppreciation": 1520.124097665146,
      "sizeOfEquityBuying": 248596.8848976306,
      "sizeOfEquityIfInvested": 52190.9273531698,
      "difference": 196405.9575444608,
      "winner": "buy"
    },
    {
      "year": 10,
      "monthlyMortgagePayment": 956.0318620946321,
      "mortgageBalance": 124972.58159969842,
      "principalPaid": 5708.516287702484,
      "interestPaid": 5763.866057433099,
      "monthlyRent": 2609.54636765849,
      "monthlyServiceCharge": 258.55470266308606,
      "monthlySavings": 1394.9598029007718,
      "cumulativeSavings": 135253.49495284405,
      "cumulativeSavingsWithAppreciation": 172083.06228132718,