{
  "description": "High rent scenario: renting is better",
  "inputs": {
    "propertyPrice": 200000,
    "downPayment": 40000,
    "interestRate": 4.5,
    "mortgageLength": 25,
    "timeInProperty": 10,
    "rentPcm": 2000,
    "rentInflation": 3,
    "serviceCharge": 2000,
    "serviceChargeIncrease": 5,
    "propertyAppreciation": 2,
    "investmentAppreciationBuying": 5,
    "investmentAppreciationRenting": 3,
    "stampDuty": 1500,
    "renovationCost": 10000,
    "renovationReturn": 0,
    "legalConveyancingSurveyCost": 2000,
    "estateAgentFeesPercent": 1.5
  },
  "expected": [
    {
      "year": 1,
      "monthlyMortgagePayment": 964.369349264062,
      "mortgageBalance": 169656.43719662266,
      "principalPaid": 3843.562803377318,
      "interestPaid": 7728.869387791427,
      "monthlyRent": 2000,
      "monthlyServiceCharge": 166.66666666666666,
      "monthlySavings": 868.9639840692715,
      "cumulativeSavings": 10427.567808831258,
      "cumulativeSavingsWithAppreciation": 10714.34103442132,
      "propertyValue": 204000,
      "equityInProperty": 31283.56280337734,
      "investmentValue": 41200,
      "investmentAppreciation": 1200,
      "sizeOfEquityBuying": 41997.90383779866,
      "sizeOfEquityIfInvested": 41200,
      "difference": 797.9038377986581,
      "winner": "buy"
    },
    {
      "year": 2,
      "monthlyMortgagePayment": 964.369349264062,
      "mortgageBalance": 165636.30179052567,
      "principalPaid": 4020.1354060969925,
      "interestPaid": 7552.2967850717505,
      "monthlyRent": 2060,
      "monthlyServiceCharge": 175,
      "monthlySavings": 920.6306507359382,
      "cumulativeSavings": 21475.135617662516,
      "cumulativeSavingsWithAppreciation": 22613.898989173147,
      "propertyValue": 208080,
      "equityInProperty": 39322.49820947433,
      "investmentValue": 42436,
      "investmentAppreciation": 1236,
      "sizeOfEquityBuying": 61936.39719864748,
      "sizeOfEquityIfInvested": 42436,
      "difference": 19500.39719864748,
      "winner": "buy"
    },
    {
      "year": 3,
      "monthlyMortgagePayment": 964.369349264062,
      "mortgageBalance": 161431.4820672331,
      "principalPaid": 4204.819723292572,
      "interestPaid": 7367.612467876171,
      "monthlyRent": 2121.7999999999997,
      "monthlyServiceCharge": 183.75,
      "monthlySavings": 973.6806507359379,
      "cumulativeSavings": 33159.303426493774,
      "cumulativeSavingsWithAppreciation": 35776.368335356594,
      "propertyValue": 212241.60000000003,
      "equityInProperty": 47626.493932766934,
      "investmentValue": 43709.08,
      "investmentAppreciation": 1273.0800000000017,
      "sizeOfEquityBuying": 83402.86226812353,
      "sizeOfEquityIfInvested": 43709.08,
      "difference": 39693.78226812353,
      "winner": "buy"
    },
    {
      "year": 4,
      "monthlyMortgagePayment": 964.369349264062,
      "mortgageBalance": 157033.4936615252,
      "principalPaid": 4397.988405707858,
      "interestPaid": 7174.443785460886,
      "monthlyRent": 2185.454,
      "monthlyServiceCharge": 192.93750000000003,
      "monthlySavings": 1028.1471507359383,
      "cumulativeSavings": 45497.069235325034,
      "cumulativeSavingsWithAppreciation": 50283.82748624601,
      "propertyValue": 216486.432,
      "equityInProperty": 56205.64185847481,
      "investmentValue": 45020.3524,
      "investmentAppreciation": 1311.2724000000017,
      "sizeOfEquityBuying": 106489.46934472083,
      "sizeOfEquityIfInvested": 45020.3524,
      "difference": 61469.11694472082,
      "winner": "buy"
    },
    {
      "year": 5,
      "monthlyMortgagePayment": 964.369349264062,
      "mortgageBalance": 152433.4624379286,
      "principalPaid": 4600.031223596624,
      "interestPaid": 6972.400967572118,
      "monthlyRent": 2251.01762,
      "monthlyServiceCharge": 202.58437500000002,
      "monthlySavings": 1084.0638957359383,
      "cumulativeSavings": 58505.83598415629,
      "cumulativeSavingsWithAppreciation": 66222.97021895072,
      "propertyValue": 220816.16064000002,
      "equityInProperty": 65070.45579247142,
      "investmentValue": 46370.962972,
      "investmentAppreciation": 1350.6105719999978,
      "sizeOfEquityBuying": 131293.42601142213,
      "sizeOfEquityIfInvested": 46370.962972,
      "difference": 84922.46303942212,
      "winner": "buy"
    },
    {
      "year": 6,
      "monthlyMortgagePayment": 964.369349264062,
      "mortgageBalance": 147622.1065847387,
      "principalPaid": 4811.355853189905,
      "interestPaid": 6761.076337978839,
      "monthlyRent": 2318.5481486000003,
      "monthlyServiceCharge": 212.71359375000006,
      "monthlySavings": 1141.4652055859385,
      "cumulativeSavings": 72203.41845118755,
      "cumulativeSavingsWithAppreciation": 83685.34889309891,
      "propertyValue": 225232.4838528,
      "equityInProperty": 74231.8900102693,
      "investmentValue": 47762.09186116001,
      "investmentAppreciation": 1391.1288891600052,
      "sizeOfEquityBuying": 157917.2389033682,
      "sizeOfEquityIfInvested": 47762.09186116001,
      "difference": 110155.1470422082,
      "winner": "buy"
    },
    {
      "year": 7,
      "monthlyMortgagePayment": 964.369349264062,
      "mortgageBalance": 142589.71788544522,
      "principalPaid": 5032.388699293471,
      "interestPaid": 6540.0434918752735,
      "monthlyRent": 2388.1045930580003,
      "monthlyServiceCharge": 223.34927343750007,
      "monthlySavings": 1200.3859703564385,
      "cumulativeSavings": 86608.05009546482,
      "cumulativeSavingsWithAppreciation": 102767.63005596875,
      "propertyValue": 229737.13352985602,
      "equityInProperty": 83701.35864146295,
      "investmentValue": 49194.95461699481,
      "investmentAppreciation": 1432.8627558348016,
      "sizeOfEquityBuying": 186468.9886974317,
      "sizeOfEquityIfInvested": 49194.95461699481,
      "difference": 137274.0340804369,
      "winner": "buy"
    },
    {
      "year": 8,
      "monthlyMortgagePayment": 964.369349264062,
      "mortgageBalance": 137326.14212976993,
      "principalPaid": 5263.57575567526,
      "interestPaid": 6308.856435493484,
      "monthlyRent": 2459.7477308497405,
      "monthlyServiceCharge": 234.51673710937507,
      "monthlySavings": 1260.8616444763036,
      "cumulativeSavings": 101738.38982918047,
      "cumulativeSavingsWithAppreciation": 123571.8630525834,
      "propertyValue": 234331.87620045315,
      "equityInProperty": 93490.75592767642,
      "investmentValue": 50670.80325550465,
      "investmentAppreciation": 1475.848638509844,
      "sizeOfEquityBuying": 217062.6189802598,
      "sizeOfEquityIfInvested": 50670.80325550465,
      "difference": 166391.81572475517,
      "winner": "buy"
    },
    {
      "year": 9,
      "monthlyMortgagePayment": 964.369349264062,
      "mortgageBalance": 131820.75862479102,
      "principalPaid": 5505.383504978876,
      "interestPaid": 6067.048686189867,
      "monthlyRent": 2533.5401627752326,
      "monthlyServiceCharge": 246.24257396484384,
      "monthlySavings": 1322.928239546327,
      "cumulativeSavings": 117613.52870373639,
      "cumulativeSavingsWithAppreciation": 146205.76228979893,
      "propertyValue": 239018.51372446222,
      "equityInProperty": 103612.47739380426,
      "investmentValue": 52190.9273531698,
      "investmentAppreciation": 1520.124097665146,
      "sizeOfEquityBuying": 249818.2396836032,
      "sizeOfEquityIfInvested": 52190.9273531698,
      "difference": 197627.3123304334,
      "winner": "buy"
    },
    {
      "year": 10,
      "monthlyMortgagePayment": 964.369349264062,
      "mortgageBalance": 126062.45876481205,
      "principalPaid": 5758.29985997896,
      "interestPaid": 5814.132331189784,
      "monthlyRent": 2609.54636765849,
      "monthlyServiceCharge": 258.55470266308606,
      "monthlySavings": 1386.622315731342,
      "cumulativeSavings": 134252.9964925125,
      "cumulativeSavingsWithAppreciation": 170783.00383542362,