{
  "description": "High property appreciation: 5% per year",
  "inputs": {
    "propertyPrice": 200000,
    "interestRate": 4.5,
    "mortgageLength": 25,
    "timeInProperty": 10,
    "rentPcm": 800,
    "rentInflation": 3,
    "serviceCharge": 2000,
    "serviceChargeIncrease": 5,
    "propertyAppreciation": 5,
    "investmentAppreciationBuying": 5,
    "investmentAppreciationRenting": 3,
    "stampDuty": 1500,
    "renovationCost": 10000,
    "renovationReturn": 0,
    "legalConveyancingSurveyCost": 2000,
    "estateAgentFeesPercent": 1.5,
    "initialCapital": 40000
  },
  "expected": [
    {
      "year": 1,
      "monthlyMortgagePayment": 964.369349264062,
      "mortgageBalance": 169656.43719662266,
      "principalPaid": 3843.562803377318,
      "interestPaid": 7728.869387791427,
      "monthlyRent": 800,
      "monthlyServiceCharge": 166.66666666666666,
      "monthlySavings": -331.0360159307286,
      "cumulativeSavings": -3972.432191168743,
      "cumulativeSavingsWithAppreciation": -4081.6798329759204,
      "propertyValue": 210000,
      "equityInProperty": 37193.56280337734,
      "investmentValue": 41200,
      "investmentAppreciation": 1200,
      "sizeOfEquityBuying": 33111.88297040142,
      "sizeOfEquityIfInvested": 41200,
      "difference": -8088.117029598579,
      "winner": "rent"
    },
    {
      "year": 2,
      "monthlyMortgagePayment": 964.369349264062,
      "mortgageBalance": 165636.30179052567,
      "principalPaid": 4020.1354060969925,
      "interestPaid": 7552.2967850717505,
      "monthlyRent": 824,
      "monthlyServiceCharge": 175,
      "monthlySavings": -315.36934926406195,
      "cumulativeSavings": -7756.864382337486,
      "cumulativeSavingsWithAppreciation": -8179.01588031702,
      "propertyValue": 220500,
      "equityInProperty": 51556.19820947433,
      "investmentValue": 42436,
      "investmentAppreciation": 1236,
      "sizeOfEquityBuying": 43377.18232915731,
      "sizeOfEquityIfInvested": 42436,
      "difference": 941.1823291573091,
      "winner": "buy"
    },
    {
      "year": 3,
      "monthlyMortgagePayment": 964.369349264062,
      "mortgageBalance": 161431.4820672331,
      "principalPaid": 4204.819723292572,
      "interestPaid": 7367.612467876171,
      "monthlyRent": 848.7199999999999,
      "monthlyServiceCharge": 183.75,
      "monthlySavings": -299.39934926406204,
      "cumulativeSavings": -11349.65657350623,
      "cumulativeSavingsWithAppreciation": -12289.069038389054,
      "propertyValue": 231525.00000000003,
      "equityInProperty": 66620.64293276693,
      "investmentValue": 43709.08,
      "investmentAppreciation": 1273.0800000000017,
      "sizeOfEquityBuying": 54331.57389437788,
      "sizeOfEquityIfInvested": 43709.08,
      "difference": 10622.493894377876,
      "winner": "buy"
    },
    {
      "year": 4,
      "monthlyMortgagePayment": 964.369349264062,
      "mortgageBalance": 157033.4936615252,
      "principalPaid": 4397.988405707858,
      "interestPaid": 7174.443785460886,
      "monthlyRent": 874.1816,
      "monthlyServiceCharge": 192.93750000000003,
      "monthlySavings": -283.12524926406195,
      "cumulativeSavings": -14747.159564674974,
      "cumulativeSavingsWithAppreciation": -16408.740380424435,
      "propertyValue": 243101.25000000006,
      "equityInProperty": 82421.23758847486,
      "investmentValue": 45020.3524,
      "investmentAppreciation": 1311.2724000000017,
      "sizeOfEquityBuying": 66012.49720805042,
      "sizeOfEquityIfInvested": 45020.3524,
      "difference": 20992.14480805042,
      "winner": "buy"
    },
    {
      "year": 5,
      "monthlyMortgagePayment": 964.369349264062,
      "mortgageBalance": 152433.4624379286,
      "principalPaid": 4600.031223596624,
      "interestPaid": 6972.400967572118,
      "monthlyRent": 900.4070480000001,
      "monthlyServiceCharge": 202.58437500000002,
      "monthlySavings": -266.54667626406183,
      "cumulativeSavings": -17945.719679843714,
      "cumulativeSavingsWithAppreciation": -20534.767833584272,
      "propertyValue": 255256.31250000006,
      "equityInProperty": 98994.00537457145,
      "investmentValue": 46370.962972,
      "investmentAppreciation": 1350.6105719999978,
      "sizeOfEquityBuying": 78459.23754098717,
      "sizeOfEquityIfInvested": 46370.962972,
      "difference": 32088.274568987174,
      "winner": "buy"
    },
    {
      "year": 6,
      "monthlyMortgagePayment": 964.369349264062,
      "mortgageBalance": 147622.1065847387,
      "principalPaid": 4811.355853189905,
      "interestPaid": 6761.076337978839,
      "monthlyRent": 927.41925944,
      "monthlyServiceCharge": 212.71359375000006,
      "monthlySavings": -249.663683574062,
      "cumulativeSavings": -20941.683882732457,
      "cumulativeSavingsWithAppreciation": -24663.72308850544,
      "propertyValue": 268019.1281250001,
      "equityInProperty": 116376.7346183864,
      "investmentValue": 47762.09186116001,
      "investmentAppreciation": 1391.1288891600052,
      "sizeOfEquityBuying": 91713.01152988095,
      "sizeOfEquityIfInvested": 47762.09186116001,
      "difference": 43950.91966872095,
      "winner": "buy"
    },
    {
      "year": 7,
      "monthlyMortgagePayment": 964.369349264062,
      "mortgageBalance": 142589.71788544522,
      "principalPaid": 5032.388699293471,
      "interestPaid": 6540.0434918752735,
      "monthlyRent": 955.2418372232002,
      "monthlyServiceCharge": 223.34927343750007,
      "monthlySavings": -232.47678547836188,
      "cumulativeSavings": -23731.4053084728,
      "cumulativeSavingsWithAppreciation": -28792.00877814562,
      "propertyValue": 281420.0845312501,
      "equityInProperty": 134609.06537783614,
      "investmentValue": 49194.95461699481,
      "investmentAppreciation": 1432.8627558348016,
      "sizeOfEquityBuying": 105817.05659969052,
      "sizeOfEquityIfInvested": 49194.95461699481,
      "difference": 56622.10198269571,
      "winner": "buy"
    },
    {
      "year": 8,
      "monthlyMortgagePayment": 964.369349264062,
      "mortgageBalance": 137326.14212976993,
      "principalPaid": 5263.57575567526,
      "interestPaid": 6308.856435493484,
      "monthlyRent": 983.8990923398961,
      "monthlyServiceCharge": 234.51673710937507,
      "monthlySavings": -214.9869940335409,
      "cumulativeSavings": -26311.24923687529,
      "cumulativeSavingsWithAppreciation": -32915.85596601247,
      "propertyValue": 295491.0887578126,
      "equityInProperty": 153732.5802966755,
      "investmentValue": 50670.80325550465,
      "investmentAppreciation": 1475.848638509844,
      "sizeOfEquityBuying": 120816.72433066304,
      "sizeOfEquityIfInvested": 50670.80325550465,
      "difference": 70145.92107515839,
      "winner": "buy"
    },
    {
      "year": 9,
      "monthlyMortgagePayment": 964.369349264062,
      "mortgageBalance": 131820.75862479102,
      "principalPaid": 5505.383504978876,
      "interestPaid": 6067.048686189867,
      "monthlyRent": 1013.4160651100931,
      "monthlyServiceCharge": 246.24257396484384,
      "monthlySavings": -197.1958581188127,
      "cumulativeSavings": -28677.599534301044,
      "cumulativeSavingsWithAppreciation": -37031.32198737731,
      "propertyValue": 310265.6431957032,
      "equityInProperty": 173790.89992297665,
      "investmentValue": 52190.9273531698,
      "investmentAppreciation": 1520.124097665146,
      "sizeOfEquityBuying": 136759.57793559934,
      "sizeOfEquityIfInvested": 52190.9273531698,
      "difference": 84568.65058242955,
      "winner": "buy"
    },
    {
      "year": 10,
      "monthlyMortgagePayment": 964.369349264062,
      "mortgageBalance": 126062.45876481205,
      "principalPaid": 5758.29985997896,
      "interestPaid": 5814.132331189784,
      "monthlyRent": 1043.818547063396,
      "monthlyServiceCharge": 258.55470266308606,
      "monthlySavings": -179.10550486375206,
      "cumulativeSavings": -30826.86559266607,
      "cumulativeSavingsWithAppreciation": -41134.28869084591,