{
  "description": "Basic scenario: standard mortgage with default inputs",
  "inputs": {
    "propertyPrice": 200000,
    "downPayment": 40000,
    "interestRate": 4.5,
    "mortgageLength": 25,
    "timeInProperty": 10,
    "rentPcm": 800,
    "rentInflation": 3,
    "serviceCharge": 2000,
    "serviceChargeIncrease": 5,
    "propertyAppreciation": 2,
    "investmentAppreciationBuying": 5,
    "investmentAppreciationRenting": 3,
    "stampDuty": 1500,
    "renovationCost": 10000,
    "renovationReturn": 0,
    "legalConveyancingSurveyCost": 2000,
    "estateAgentFeesPercent": 1.5
  },
  "expected": [
    {
      "year": 1,
      "monthlyMortgagePayment": 956.0318620946321,
      "mortgageBalance": 168189.66684621954,
      "principalPaid": 3810.333153780397,
      "interestPaid": 7662.049191355187,
      "monthlyRent": 800,
      "monthlyServiceCharge": 166.66666666666666,
      "monthlySavings": -322.6985287612987,
      "cumulativeSavings": -3872.3823451355843,
      "cumulativeSavingsWithAppreciation": -3978.8784711921357,
      "propertyValue": 204000,
      "equityInProperty": 19250.333153780462,
      "investmentValue": 41200,
      "sizeOfEquityBuying": 15271.454682588326,
      "sizeOfEquityIfInvested": 41200,
      "difference": -25928.545317411674,
      "winner": "rent"
    },
    {
      "year": 2,
      "monthlyMortgagePayment": 956.0318620946321,
      "mortgageBalance": 164204.28765400813,
      "principalPaid": 3985.3791922114306,
      "interestPaid": 7487.003152924154,
      "monthlyRent": 824,
      "monthlyServiceCharge": 175,
      "monthlySavings": -307.03186209463206,
      "cumulativeSavings": -7556.7646902711695,
      "cumulativeSavingsWithAppreciation": -7968.153643975766,
      "propertyValue": 208080,
      "equityInProperty": 27254.512345991865,
      "investmentValue": 42436,
      "sizeOfEquityBuying": 19286.3587020161,
      "sizeOfEquityIfInvested": 42436,
      "difference": -23149.6412979839,
      "winner": "rent"
    },
    {
      "year": 3,
      "monthlyMortgagePayment": 956.0318620946321,
      "mortgageBalance": 160035.8208389861,
      "principalPaid": 4168.466815022033,
      "interestPaid": 7303.915530113552,
      "monthlyRent": 848.7199999999999,
      "monthlyServiceCharge": 183.75,
      "monthlySavings": -291.06186209463215,
      "cumulativeSavings": -11049.507035406756,
      "cumulativeSavingsWithAppreciation": -11964.61732806121,
      "propertyValue": 212241.60000000003,
      "equityInProperty": 35522.15516101392,
      "investmentValue": 43709.08,
      "sizeOfEquityBuying": 23557.537832952712,
      "sizeOfEquityIfInvested": 43709.08,
      "difference": -20151.54216704729,
      "winner": "rent"
    },
    {
      "year": 4,
      "monthlyMortgagePayment": 956.0318620946321,
      "mortgageBalance": 155675.85538779444,
      "principalPaid": 4359.965451191654,
      "interestPaid": 7112.4168939439305,
      "monthlyRent": 874.1816,
      "monthlyServiceCharge": 192.93750000000003,
      "monthlySavings": -274.78776209463206,
      "cumulativeSavings": -14346.96018054234,
      "cumulativeSavingsWithAppreciation": -15964.887743041456,
      "propertyValue": 216486.432,
      "equityInProperty": 44063.28013220557,
      "investmentValue": 45020.3524,
      "sizeOfEquityBuying": 28098.39238916411,
      "sizeOfEquityIfInvested": 45020.3524,
      "difference": -16921.960010835894,
      "winner": "rent"
    },
    {
      "year": 5,
      "monthlyMortgagePayment": 956.0318620946321,
      "mortgageBalance": 151115.59388659202,
      "principalPaid": 4560.261501202418,
      "interestPaid": 6912.120843933167,
      "monthlyRent": 900.4070480000001,
      "monthlyServiceCharge": 202.58437500000002,
      "monthlySavings": -258.20918909463194,
      "cumulativeSavings": -17445.470449677923,
      "cumulativeSavingsWithAppreciation": -19965.405491109184,
      "propertyValue": 220816.16064000002,
      "equityInProperty": 52888.324343807995,
      "investmentValue": 46370.962972,
      "sizeOfEquityBuying": 32922.918852698815,
      "sizeOfEquityIfInvested": 46370.962972,
      "difference": -13448.044119301187,
      "winner": "rent"
    },
    {
      "year": 6,
      "monthlyMortgagePayment": 956.0318620946321,
      "mortgageBalance": 146345.834769885,
      "principalPaid": 4769.759116706999,
      "interestPaid": 6702.623228428587,
      "monthlyRent": 927.41925944,
      "monthlyServiceCharge": 212.71359375000006,
      "monthlySavings": -241.3261964046321,
      "cumulativeSavings": -20341.384806533508,
      "cumulativeSavingsWithAppreciation": -23962.429726223156,
      "propertyValue": 225232.4838528,
      "equityInProperty": 62008.16182512301,
      "investmentValue": 47762.09186116001,
      "sizeOfEquityBuying": 38045.732098899854,
      "sizeOfEquityIfInvested": 47762.09186116001,
      "difference": -9716.359762260152,
      "winner": "rent"
    },
    {
      "year": 7,
      "monthlyMortgagePayment": 956.0318620946321,
      "mortgageBalance": 141356.9537538707,
      "principalPaid": 4988.881016014278,
      "interestPaid": 6483.501329121306,
      "monthlyRent": 955.2418372232002,
      "monthlyServiceCharge": 223.34927343750007,
      "monthlySavings": -224.13929830893198,
      "cumulativeSavings": -23031.056386240693,
      "cumulativeSavingsWithAppreciation": -27952.034554693324,
      "propertyValue": 229737.13352985602,
      "equityInProperty": 71434.12277303747,
      "investmentValue": 49194.95461699481,
      "sizeOfEquityBuying": 43482.08821834414,
      "sizeOfEquityIfInvested": 49194.95461699481,
      "difference": -5712.866398650665,
      "winner": "rent"
    },
    {
      "year": 8,
      "monthlyMortgagePayment": 956.0318620946321,
      "mortgageBalance": 136138.8844168324,
      "principalPaid": 5218.0693370383,
      "interestPaid": 6254.313008097285,
      "monthlyRent": 983.8990923398961,
      "monthlyServiceCharge": 234.51673710937507,
      "monthlySavings": -206.649506864111,
      "cumulativeSavings": -25510.850468610024,
      "cumulativeSavingsWithAppreciation": -31930.10570533283,
      "propertyValue": 234331.87620045315,
      "equityInProperty": 81178.01364061394,
      "investmentValue": 50670.80325550465,
      "sizeOfEquityBuying": 49247.90793528111,
      "sizeOfEquityIfInvested": 50670.80325550465,
      "difference": -1422.8953202235425,
      "winner": "rent"
    },
    {
      "year": 9,
      "monthlyMortgagePayment": 956.0318620946321,
      "mortgageBalance": 130681.0978874009,
      "principalPaid": 5457.78652943151,
      "interestPaid": 6014.595815704075,
      "monthlyRent": 1013.4160651100931,
      "monthlyServiceCharge": 246.24257396484384,
      "monthlySavings": -188.85837094938282,
      "cumulativeSavings": -27777.15092000262,
      "cumulativeSavingsWithAppreciation": -35892.3375107401,
      "propertyValue": 239018.51372446222,
      "equityInProperty": 91252.13813119438,
      "investmentValue": 52190.9273531698,
      "sizeOfEquityBuying": 55359.80062045428,
      "sizeOfEquityIfInvested": 52190.9273531698,
      "difference": 3168.8732672844853,
      "winner": "buy"
    },
    {
      "year": 10,
      "monthlyMortgagePayment": 956.0318620946321,
      "mortgageBalance": 124972.58159969842,
      "principalPaid": 5708.516287702484,
      "interestPaid": 5763.866057433099,
      "monthlyRent": 1043.818547063396,
      "monthlyServiceCharge": 258.55470266308606,
      "monthlySavings": -170.76801769432217,
      "cumulativeSavings": -29826.367132334486,
      "cumulativeSavingsWithAppreciation": -39834.230244942315,
      "propertyValue": 243798.88399895147,
      "equityInProperty": 101669.31913926877,
      "investmentValue": 53756.65517376489,
      "sizeOfEquityBuying": 61835.08889432646,
      "sizeOfEquityIfInvested": 53756.65517376489,
      "difference": 8078.433720561567,
      "winner": "buy"
    }
  ]
}